title_key,number_of_countries,total_global_weeks,avg_survival_weeks,global_max_weeks
squid game,94,3247,11.596428571428572,43
all of us are dead,94,623,6.627659574468085,28
alchemy of souls,45,623,7.597560975609756,42
the glory,91,593,6.516483516483516,22
bloodhounds,87,578,3.5460122699386503,13
physical: 100,91,535,3.165680473372781,7
extraordinary attorney woo,57,518,9.087719298245615,25
my demon,66,506,7.666666666666667,16
business proposal,58,464,8.0,29
king the land,55,452,8.218181818181819,17
queen of tears,46,443,9.630434782608695,20
single's inferno,41,383,3.2184873949579833,7
when the phone rings,52,372,7.153846153846154,10
hometown cha-cha-cha,40,371,9.275,31
love next door,53,368,6.943396226415095,12